{
  "val_accuracy": 0.5379670550421857,
  "epoch": 48,
  "trained_at": "2026-01-25T21:34:24.828284+00:00"
}