{
  "val_accuracy": 0.5395741261550824,
  "epoch": 17,
  "trained_at": "2026-01-25T15:29:16.958252+00:00"
}